VaRp,HPG,ACB,MBB,KDH,MWG,VNM,SAB,GAS,ACV,FPT
21495.277744439692,0.033285017730412494,0.002080643998972464,0.03438495600503012,0.19859668780506262,0.05796529631854184,0.2911391809756578,0.16225105605160417,0.001048520712439076,0.12007769061194494,0.09917094979033245
