VaRp,HPG,ACB,MBB,KDH,MWG,VNM,SAB,GAS,ACV,FPT
52574.46824454726,0.020039975610143104,0.09196441417951103,0.09855773645514339,0.24840182076080675,0.023708830539111086,0.10478407811504896,0.21032487311965886,0.004393313768366292,0.19249082991298003,0.005334127539231286
